sigmoid,1,1,0.01,1,0.39059126377105713
sigmoid,1,1,0.01,41,0.168521910905838
sigmoid,1,1,0.01,81,0.19365008175373077
sigmoid,1,1,0.01,121,0.029359593987464905
sigmoid,1,1,0.31,1,0.3561972379684448
sigmoid,1,1,0.31,41,0.04649913311004639
sigmoid,1,1,0.31,81,0.026017308235168457
sigmoid,1,1,0.31,121,0.357247531414032
sigmoid,1,1,0.61,1,0.01779964566230774
sigmoid,1,1,0.61,41,0.034821927547454834
sigmoid,1,1,0.61,81,0.09181448072195053
sigmoid,1,1,0.61,121,0.05037079006433487
sigmoid,1,1,0.9099999999999999,1,0.044880568981170654
sigmoid,1,1,0.9099999999999999,41,0.04740999639034271
sigmoid,1,1,0.9099999999999999,81,0.0010356307029724121
sigmoid,1,1,0.9099999999999999,121,0.01882779598236084
sigmoid,1,101,0.01,1,0.019363582134246826
sigmoid,1,101,0.01,41,0.12433099746704102
sigmoid,1,101,0.01,81,0.14445170760154724
sigmoid,1,101,0.01,121,0.27786949276924133
sigmoid,1,101,0.31,1,0.031217634677886963
sigmoid,1,101,0.31,41,0.005973652005195618
sigmoid,1,101,0.31,81,0.02314135432243347
sigmoid,1,101,0.31,121,0.03782850503921509
sigmoid,1,101,0.61,1,0.03386464715003967
sigmoid,1,101,0.61,41,0.02336496114730835
sigmoid,1,101,0.61,81,0.0016911029815673828
sigmoid,1,101,0.61,121,0.037571460008621216
sigmoid,1,101,0.9099999999999999,1,0.14256611466407776
sigmoid,1,101,0.9099999999999999,41,0.001756470650434494
sigmoid,1,101,0.9099999999999999,81,0.00973522663116455
sigmoid,1,101,0.9099999999999999,121,0.03517812490463257
sigmoid,1,201,0.01,1,0.22341591119766235
sigmoid,1,201,0.01,41,0.17368566989898682
sigmoid,1,201,0.01,81,0.005648016929626465
sigmoid,1,201,0.01,121,0.06225830316543579
sigmoid,1,201,0.31,1,0.01413661241531372
sigmoid,1,201,0.31,41,0.016784563660621643
sigmoid,1,201,0.31,81,0.39622288942337036
sigmoid,1,201,0.31,121,0.02167975902557373
sigmoid,1,201,0.61,1,0.09194445610046387
sigmoid,1,201,0.61,41,0.02725731022655964
sigmoid,1,201,0.61,81,0.00626605749130249
sigmoid,1,201,0.61,121,0.035186320543289185
sigmoid,1,201,0.9099999999999999,1,0.008992016315460205
sigmoid,1,201,0.9099999999999999,41,0.017947718501091003
sigmoid,1,201,0.9099999999999999,81,0.029937490820884705
sigmoid,1,201,0.9099999999999999,121,0.0007756352424621582
sigmoid,1,301,0.01,1,0.1276509165763855
sigmoid,1,301,0.01,41,0.2737044095993042
sigmoid,1,301,0.01,81,0.010173022747039795
sigmoid,1,301,0.01,121,0.08074730634689331
sigmoid,1,301,0.31,1,0.11030274629592896
sigmoid,1,301,0.31,41,0.0035035908222198486
sigmoid,1,301,0.31,81,0.00380021333694458
sigmoid,1,301,0.31,121,0.020433887839317322
sigmoid,1,301,0.61,1,0.11377476155757904
sigmoid,1,301,0.61,41,0.0022706910967826843
sigmoid,1,301,0.61,81,0.015980733558535576
sigmoid,1,301,0.61,121,0.008358359336853027
sigmoid,1,301,0.9099999999999999,1,0.22912022471427917
sigmoid,1,301,0.9099999999999999,41,0.015257596969604492
sigmoid,1,301,0.9099999999999999,81,0.0011554770171642303
sigmoid,1,301,0.9099999999999999,121,0.006397902965545654
sigmoid,101,1,0.01,1,3.506568670272827
sigmoid,101,1,0.01,41,5.660824298858643
sigmoid,101,1,0.01,81,4.881622314453125
sigmoid,101,1,0.01,121,5.462434768676758
sigmoid,101,1,0.31,1,2.3671295642852783
sigmoid,101,1,0.31,41,5.542359352111816
sigmoid,101,1,0.31,81,1.8959946632385254
sigmoid,101,1,0.31,121,5.8021745681762695
sigmoid,101,1,0.61,1,3.5838685035705566
sigmoid,101,1,0.61,41,5.67116117477417
sigmoid,101,1,0.61,81,1.752954125404358
sigmoid,101,1,0.61,121,3.057370901107788
sigmoid,101,1,0.9099999999999999,1,3.089690923690796
sigmoid,101,1,0.9099999999999999,41,1.8582019805908203
sigmoid,101,1,0.9099999999999999,81,2.805543899536133
sigmoid,101,1,0.9099999999999999,121,5.555336952209473
sigmoid,101,101,0.01,1,3.111759901046753
sigmoid,101,101,0.01,41,1.6443792581558228
sigmoid,101,101,0.01,81,1.6784831285476685
sigmoid,101,101,0.01,121,5.309067249298096
sigmoid,101,101,0.31,1,2.239727020263672
sigmoid,101,101,0.31,41,1.0812287330627441
sigmoid,101,101,0.31,81,0.7728949189186096
sigmoid,101,101,0.31,121,0.93586266040802
sigmoid,101,101,0.61,1,1.2289519309997559
sigmoid,101,101,0.61,41,1.0564216375350952
sigmoid,101,101,0.61,81,1.3998022079467773
sigmoid,101,101,0.61,121,1.0262720584869385
sigmoid,101,101,0.9099999999999999,1,1.0196382999420166
sigmoid,101,101,0.9099999999999999,41,1.3600928783416748
sigmoid,101,101,0.9099999999999999,81,0.7868660688400269
sigmoid,101,101,0.9099999999999999,121,1.3727103471755981
sigmoid,101,201,0.01,1,3.2798516750335693
sigmoid,101,201,0.01,41,5.634716033935547
sigmoid,101,201,0.01,81,4.634594917297363
sigmoid,101,201,0.01,121,1.5109390020370483
sigmoid,101,201,0.31,1,1.4560915231704712
sigmoid,101,201,0.31,41,1.0738375186920166
sigmoid,101,201,0.31,81,1.1984856128692627
sigmoid,101,201,0.31,121,0.814125657081604
sigmoid,101,201,0.61,1,1.0786795616149902
sigmoid,101,201,0.61,41,1.0569175481796265
sigmoid,101,201,0.61,81,0.7919957041740417
sigmoid,101,201,0.61,121,5.7466654777526855
sigmoid,101,201,0.9099999999999999,1,1.0024428367614746
sigmoid,101,201,0.9099999999999999,41,0.7929242253303528
sigmoid,101,201,0.9099999999999999,81,0.8049706816673279
sigmoid,101,201,0.9099999999999999,121,0.7580866813659668
sigmoid,101,301,0.01,1,2.8137013912200928
sigmoid,101,301,0.01,41,1.5362884998321533
sigmoid,101,301,0.01,81,1.4236259460449219
sigmoid,101,301,0.01,121,1.7373592853546143
sigmoid,101,301,0.31,1,1.2296348810195923
sigmoid,101,301,0.31,41,5.345860481262207
sigmoid,101,301,0.31,81,0.9514453411102295
sigmoid,101,301,0.31,121,1.1139864921569824
sigmoid,101,301,0.61,1,1.5777846574783325
sigmoid,101,301,0.61,41,1.0510042905807495
sigmoid,101,301,0.61,81,6.142673969268799
sigmoid,101,301,0.61,121,1.1610606908798218
sigmoid,101,301,0.9099999999999999,1,1.2722755670547485
sigmoid,101,301,0.9099999999999999,41,1.0181373357772827
sigmoid,101,301,0.9099999999999999,81,0.7089807391166687
sigmoid,101,301,0.9099999999999999,121,0.6972099542617798
sigmoid,201,1,0.01,1,4.68803071975708
sigmoid,201,1,0.01,41,5.718376159667969
sigmoid,201,1,0.01,81,8.3129243850708
sigmoid,201,1,0.01,121,4.96537971496582
sigmoid,201,1,0.31,1,4.807387828826904
sigmoid,201,1,0.31,41,8.40052604675293
sigmoid,201,1,0.31,81,4.7383904457092285
sigmoid,201,1,0.31,121,8.150813102722168
sigmoid,201,1,0.61,1,4.904514312744141
sigmoid,201,1,0.61,41,4.197355270385742
sigmoid,201,1,0.61,81,8.610353469848633
sigmoid,201,1,0.61,121,7.954257965087891
sigmoid,201,1,0.9099999999999999,1,5.393610954284668
sigmoid,201,1,0.9099999999999999,41,3.706407308578491
sigmoid,201,1,0.9099999999999999,81,8.149811744689941
sigmoid,201,1,0.9099999999999999,121,5.549427509307861
sigmoid,201,101,0.01,1,5.6574225425720215
sigmoid,201,101,0.01,41,2.818119764328003
sigmoid,201,101,0.01,81,8.33984375
sigmoid,201,101,0.01,121,2.049874782562256
sigmoid,201,101,0.31,1,3.6867618560791016
sigmoid,201,101,0.31,41,2.1595563888549805
sigmoid,201,101,0.31,81,1.7365354299545288
sigmoid,201,101,0.31,121,1.6119894981384277
sigmoid,201,101,0.61,1,4.175549507141113
sigmoid,201,101,0.61,41,1.6325081586837769
sigmoid,201,101,0.61,81,1.4043233394622803
sigmoid,201,101,0.61,121,1.4486769437789917
sigmoid,201,101,0.9099999999999999,1,2.122162103652954
sigmoid,201,101,0.9099999999999999,41,2.073300838470459
sigmoid,201,101,0.9099999999999999,81,1.7068393230438232
sigmoid,201,101,0.9099999999999999,121,1.5036371946334839
sigmoid,201,201,0.01,1,4.628731727600098
sigmoid,201,201,0.01,41,2.959240436553955
sigmoid,201,201,0.01,81,2.2604475021362305
sigmoid,201,201,0.01,121,2.3880999088287354
sigmoid,201,201,0.31,1,2.092104911804199
sigmoid,201,201,0.31,41,1.468151330947876
sigmoid,201,201,0.31,81,2.146048069000244
sigmoid,201,201,0.31,121,1.2764859199523926
sigmoid,201,201,0.61,1,2.0187036991119385
sigmoid,201,201,0.61,41,1.6423953771591187
sigmoid,201,201,0.61,81,1.4248055219650269
sigmoid,201,201,0.61,121,1.3722383975982666
sigmoid,201,201,0.9099999999999999,1,1.862790584564209
sigmoid,201,201,0.9099999999999999,41,1.3523370027542114
sigmoid,201,201,0.9099999999999999,81,1.5599429607391357
sigmoid,201,201,0.9099999999999999,121,1.1942179203033447
sigmoid,201,301,0.01,1,3.986175060272217
sigmoid,201,301,0.01,41,2.2080435752868652
sigmoid,201,301,0.01,81,8.189467430114746
sigmoid,201,301,0.01,121,2.327882766723633
sigmoid,201,301,0.31,1,1.9090464115142822
sigmoid,201,301,0.31,41,2.4451725482940674
sigmoid,201,301,0.31,81,8.566641807556152
sigmoid,201,301,0.31,121,1.5500986576080322
sigmoid,201,301,0.61,1,1.7841581106185913
sigmoid,201,301,0.61,41,1.6312593221664429
sigmoid,201,301,0.61,81,1.3884437084197998
sigmoid,201,301,0.61,121,1.2814232110977173
sigmoid,201,301,0.9099999999999999,1,1.797576665878296
sigmoid,201,301,0.9099999999999999,41,2.0556671619415283
sigmoid,201,301,0.9099999999999999,81,1.2517107725143433
sigmoid,201,301,0.9099999999999999,121,1.1874765157699585
sigmoid,301,1,0.01,1,4.695251941680908
sigmoid,301,1,0.01,41,8.004980087280273
sigmoid,301,1,0.01,81,4.659300804138184
sigmoid,301,1,0.01,121,2.9011306762695312
sigmoid,301,1,0.31,1,6.32609748840332
sigmoid,301,1,0.31,41,8.059577941894531
sigmoid,301,1,0.31,81,8.469311714172363
sigmoid,301,1,0.31,121,8.32359790802002
sigmoid,301,1,0.61,1,5.0697479248046875
sigmoid,301,1,0.61,41,6.981785774230957
sigmoid,301,1,0.61,81,8.458663940429688
sigmoid,301,1,0.61,121,5.161576747894287
sigmoid,301,1,0.9099999999999999,1,5.002965450286865
sigmoid,301,1,0.9099999999999999,41,4.8391008377075195
sigmoid,301,1,0.9099999999999999,81,8.292895317077637
sigmoid,301,1,0.9099999999999999,121,7.980742454528809
sigmoid,301,101,0.01,1,5.75483512878418
sigmoid,301,101,0.01,41,3.685058832168579
sigmoid,301,101,0.01,81,3.314976215362549
sigmoid,301,101,0.01,121,9.298096656799316
sigmoid,301,101,0.31,1,3.5052311420440674
sigmoid,301,101,0.31,41,2.092501163482666
sigmoid,301,101,0.31,81,1.6186426877975464
sigmoid,301,101,0.31,121,1.5865238904953003
sigmoid,301,101,0.61,1,3.221872568130493
sigmoid,301,101,0.61,41,2.1767122745513916
sigmoid,301,101,0.61,81,1.527817964553833
sigmoid,301,101,0.61,121,1.4225287437438965
sigmoid,301,101,0.9099999999999999,1,2.3298158645629883
sigmoid,301,101,0.9099999999999999,41,1.7539541721343994
sigmoid,301,101,0.9099999999999999,81,1.4616183042526245
sigmoid,301,101,0.9099999999999999,121,8.891977310180664
sigmoid,301,201,0.01,1,4.85251522064209
sigmoid,301,201,0.01,41,8.207709312438965
sigmoid,301,201,0.01,81,2.058950901031494
sigmoid,301,201,0.01,121,2.692416191101074
sigmoid,301,201,0.31,1,2.825563669204712
sigmoid,301,201,0.31,41,2.3088459968566895
sigmoid,301,201,0.31,81,1.917083740234375
sigmoid,301,201,0.31,121,2.1906423568725586
sigmoid,301,201,0.61,1,1.936875581741333
sigmoid,301,201,0.61,41,1.9432010650634766
sigmoid,301,201,0.61,81,1.9132435321807861
sigmoid,301,201,0.61,121,1.743143081665039
sigmoid,301,201,0.9099999999999999,1,2.0019423961639404
sigmoid,301,201,0.9099999999999999,41,1.661597728729248
sigmoid,301,201,0.9099999999999999,81,1.3888287544250488
sigmoid,301,201,0.9099999999999999,121,1.4636151790618896
sigmoid,301,301,0.01,1,4.6836981773376465
sigmoid,301,301,0.01,41,8.178905487060547
sigmoid,301,301,0.01,81,9.176010131835938
sigmoid,301,301,0.01,121,8.945474624633789
sigmoid,301,301,0.31,1,2.1694555282592773
sigmoid,301,301,0.31,41,1.8907558917999268
sigmoid,301,301,0.31,81,1.7381844520568848
sigmoid,301,301,0.31,121,2.3877413272857666
sigmoid,301,301,0.61,1,3.3361239433288574
sigmoid,301,301,0.61,41,1.2636443376541138
sigmoid,301,301,0.61,81,1.6094951629638672
sigmoid,301,301,0.61,121,1.2078245878219604
sigmoid,301,301,0.9099999999999999,1,2.231325387954712
sigmoid,301,301,0.9099999999999999,41,1.5612176656723022
sigmoid,301,301,0.9099999999999999,81,1.571592092514038
sigmoid,301,301,0.9099999999999999,121,1.1435117721557617
relu,1,1,0.01,1,0.018485993146896362
relu,1,1,0.01,41,0.6620604395866394
relu,1,1,0.01,81,0.7890626192092896
relu,1,1,0.01,121,0.992952823638916
relu,1,1,0.31,1,0.001950681209564209
relu,1,1,0.31,41,0.05829474329948425
relu,1,1,0.31,81,0.4777243733406067
relu,1,1,0.31,121,0.004530131816864014
relu,1,1,0.61,1,0.9377585649490356
relu,1,1,0.61,41,0.9656003713607788
relu,1,1,0.61,81,0.8898451328277588
relu,1,1,0.61,121,0.9760771989822388
relu,1,1,0.9099999999999999,1,0.3096490502357483
relu,1,1,0.9099999999999999,41,0.35504385828971863
relu,1,1,0.9099999999999999,81,0.47556594014167786
relu,1,1,0.9099999999999999,121,0.9718154668807983
relu,1,101,0.01,1,0.34604308009147644
relu,1,101,0.01,41,0.6018717288970947
relu,1,101,0.01,81,0.6277601718902588
relu,1,101,0.01,121,0.2896369993686676
relu,1,101,0.31,1,0.5540334582328796
relu,1,101,0.31,41,0.41658636927604675
relu,1,101,0.31,81,0.6624305248260498
relu,1,101,0.31,121,0.7820122241973877
relu,1,101,0.61,1,0.6433433294296265
relu,1,101,0.61,41,0.888459324836731
relu,1,101,0.61,81,0.4741341471672058
relu,1,101,0.61,121,0.1404854655265808
relu,1,101,0.9099999999999999,1,0.9991349577903748
relu,1,101,0.9099999999999999,41,0.9984692335128784
relu,1,101,0.9099999999999999,81,0.0020230114459991455
relu,1,101,0.9099999999999999,121,0.9969304800033569
relu,1,201,0.01,1,0.7091262340545654
relu,1,201,0.01,41,0.07856506109237671
relu,1,201,0.01,81,0.12802255153656006
relu,1,201,0.01,121,0.6936968564987183
relu,1,201,0.31,1,0.38316667079925537
relu,1,201,0.31,41,0.0002975165843963623
relu,1,201,0.31,81,0.2894114553928375
relu,1,201,0.31,121,0.9571917057037354
relu,1,201,0.61,1,0.08236348628997803
relu,1,201,0.61,41,0.25075477361679077
relu,1,201,0.61,81,0.6284175515174866
relu,1,201,0.61,121,0.1715710163116455
relu,1,201,0.9099999999999999,1,0.39807629585266113
relu,1,201,0.9099999999999999,41,0.01596495509147644
relu,1,201,0.9099999999999999,81,0.9240825772285461
relu,1,201,0.9099999999999999,121,0.20243892073631287
relu,1,301,0.01,1,0.15172520279884338
relu,1,301,0.01,41,0.8056209087371826
relu,1,301,0.01,81,0.040348947048187256
relu,1,301,0.01,121,0.9959129095077515
relu,1,301,0.31,1,0.2538517117500305
relu,1,301,0.31,41,0.9900730848312378
relu,1,301,0.31,81,0.8496220111846924
relu,1,301,0.31,121,0.5726813077926636
relu,1,301,0.61,1,0.11857488751411438
relu,1,301,0.61,41,0.25466740131378174
relu,1,301,0.61,81,0.9559015035629272
relu,1,301,0.61,121,0.013413786888122559
relu,1,301,0.9099999999999999,1,0.07689717411994934
relu,1,301,0.9099999999999999,41,0.16036802530288696
relu,1,301,0.9099999999999999,81,0.04343804717063904
relu,1,301,0.9099999999999999,121,0.5050759315490723
relu,101,1,0.01,1,2.8156697750091553
relu,101,1,0.01,41,5.721976280212402
relu,101,1,0.01,81,5.717312812805176
relu,101,1,0.01,121,5.416537284851074
relu,101,1,0.31,1,5.43743371963501
relu,101,1,0.31,41,5.383694648742676
relu,101,1,0.31,81,5.643396854400635
relu,101,1,0.31,121,5.0362958908081055
relu,101,1,0.61,1,5.445857048034668
relu,101,1,0.61,41,5.6486735343933105
relu,101,1,0.61,81,5.304931163787842
relu,101,1,0.61,121,5.5699591636657715
relu,101,1,0.9099999999999999,1,5.494991302490234
relu,101,1,0.9099999999999999,41,5.123006343841553
relu,101,1,0.9099999999999999,81,5.42470121383667
relu,101,1,0.9099999999999999,121,5.747997283935547
relu,101,101,0.01,1,5.596076488494873
relu,101,101,0.01,41,5.867428779602051
relu,101,101,0.01,81,5.005674839019775
relu,101,101,0.01,121,1.218096137046814
relu,101,101,0.31,1,6.138576984405518
relu,101,101,0.31,41,5.683409690856934
relu,101,101,0.31,81,5.469624042510986
relu,101,101,0.31,121,5.8856353759765625
relu,101,101,0.61,1,3.2916715145111084
relu,101,101,0.61,41,5.270803928375244
relu,101,101,0.61,81,5.9410552978515625
relu,101,101,0.61,121,5.684573173522949
relu,101,101,0.9099999999999999,1,5.66001033782959
relu,101,101,0.9099999999999999,41,6.071479797363281
relu,101,101,0.9099999999999999,81,5.462965488433838
relu,101,101,0.9099999999999999,121,5.016857147216797
relu,101,201,0.01,1,1.3991875648498535
relu,101,201,0.01,41,1.1835635900497437
relu,101,201,0.01,81,5.315059185028076
relu,101,201,0.01,121,1.8150020837783813
relu,101,201,0.31,1,5.095091342926025
relu,101,201,0.31,41,5.513424873352051
relu,101,201,0.31,81,4.953213691711426
relu,101,201,0.31,121,4.991698265075684
relu,101,201,0.61,1,3.2538723945617676
relu,101,201,0.61,41,5.406497955322266
relu,101,201,0.61,81,5.4693498611450195
relu,101,201,0.61,121,4.9910430908203125
relu,101,201,0.9099999999999999,1,1.3075119256973267
relu,101,201,0.9099999999999999,41,5.310392379760742
relu,101,201,0.9099999999999999,81,5.243590354919434
relu,101,201,0.9099999999999999,121,5.0699896812438965
relu,101,301,0.01,1,1.9479382038116455
relu,101,301,0.01,41,5.492687225341797
relu,101,301,0.01,81,1.4481256008148193
relu,101,301,0.01,121,1.4999035596847534
relu,101,301,0.31,1,1.9623311758041382
relu,101,301,0.31,41,5.3055338859558105
relu,101,301,0.31,81,5.757770538330078
relu,101,301,0.31,121,5.130155086517334
relu,101,301,0.61,1,2.2085609436035156
relu,101,301,0.61,41,5.574769020080566
relu,101,301,0.61,81,6.0817155838012695
relu,101,301,0.61,121,5.14727258682251
relu,101,301,0.9099999999999999,1,6.13236141204834
relu,101,301,0.9099999999999999,41,6.252366065979004
relu,101,301,0.9099999999999999,81,5.610020637512207
relu,101,301,0.9099999999999999,121,5.458856105804443
relu,201,1,0.01,1,19.561098098754883
relu,201,1,0.01,41,8.55884838104248
relu,201,1,0.01,81,8.652547836303711
relu,201,1,0.01,121,7.961889743804932
relu,201,1,0.31,1,8.75774097442627
relu,201,1,0.31,41,8.535429000854492
relu,201,1,0.31,81,8.23742389678955
relu,201,1,0.31,121,8.396400451660156
relu,201,1,0.61,1,8.369871139526367
relu,201,1,0.61,41,8.833477020263672
relu,201,1,0.61,81,8.104012489318848
relu,201,1,0.61,121,8.186161994934082
relu,201,1,0.9099999999999999,1,5.3987860679626465
relu,201,1,0.9099999999999999,41,8.467389106750488
relu,201,1,0.9099999999999999,81,8.955148696899414
relu,201,1,0.9099999999999999,121,8.35068416595459
relu,201,101,0.01,1,8.780791282653809
relu,201,101,0.01,41,8.623430252075195
relu,201,101,0.01,81,8.729037284851074
relu,201,101,0.01,121,8.4430570602417
relu,201,101,0.31,1,4.78773307800293
relu,201,101,0.31,41,8.569784164428711
relu,201,101,0.31,81,8.53095531463623
relu,201,101,0.31,121,8.510272979736328
relu,201,101,0.61,1,8.218680381774902
relu,201,101,0.61,41,8.284431457519531
relu,201,101,0.61,81,8.561288833618164
relu,201,101,0.61,121,8.275504112243652
relu,201,101,0.9099999999999999,1,8.275373458862305
relu,201,101,0.9099999999999999,41,8.22098445892334
relu,201,101,0.9099999999999999,81,8.078368186950684
relu,201,101,0.9099999999999999,121,8.80333137512207
relu,201,201,0.01,1,3.126455307006836
relu,201,201,0.01,41,8.249731063842773
relu,201,201,0.01,81,2.595757246017456
relu,201,201,0.01,121,8.788396835327148
relu,201,201,0.31,1,8.698686599731445
relu,201,201,0.31,41,8.39614200592041
relu,201,201,0.31,81,8.298561096191406
relu,201,201,0.31,121,8.435945510864258
relu,201,201,0.61,1,7.801298141479492
relu,201,201,0.61,41,7.99206018447876
relu,201,201,0.61,81,8.307927131652832
relu,201,201,0.61,121,8.723579406738281
relu,201,201,0.9099999999999999,1,8.37414264678955
relu,201,201,0.9099999999999999,41,8.145158767700195
relu,201,201,0.9099999999999999,81,8.174112319946289
relu,201,201,0.9099999999999999,121,8.614259719848633
relu,201,301,0.01,1,3.125527858734131
relu,201,301,0.01,41,1.4015122652053833
relu,201,301,0.01,81,8.750396728515625
relu,201,301,0.01,121,8.14738655090332
relu,201,301,0.31,1,2.1235857009887695
relu,201,301,0.31,41,8.525242805480957
relu,201,301,0.31,81,9.024431228637695
relu,201,301,0.31,121,8.06926155090332
relu,201,301,0.61,1,2.156245470046997
relu,201,301,0.61,41,7.873849868774414
relu,201,301,0.61,81,8.455870628356934
relu,201,301,0.61,121,8.478226661682129
relu,201,301,0.9099999999999999,1,9.000727653503418
relu,201,301,0.9099999999999999,41,8.57917594909668
relu,201,301,0.9099999999999999,81,8.783914566040039
relu,201,301,0.9099999999999999,121,8.39344596862793
relu,301,1,0.01,1,10.271212577819824
relu,301,1,0.01,41,6.785647869110107
relu,301,1,0.01,81,8.982406616210938
relu,301,1,0.01,121,8.531335830688477
relu,301,1,0.31,1,4.922117710113525
relu,301,1,0.31,41,9.034500122070312
relu,301,1,0.31,81,8.596855163574219
relu,301,1,0.31,121,8.275418281555176
relu,301,1,0.61,1,4.695298671722412
relu,301,1,0.61,41,9.001036643981934
relu,301,1,0.61,81,8.537487030029297
relu,301,1,0.61,121,8.427002906799316
relu,301,1,0.9099999999999999,1,5.147924423217773
relu,301,1,0.9099999999999999,41,7.980380535125732
relu,301,1,0.9099999999999999,81,8.634190559387207
relu,301,1,0.9099999999999999,121,8.698800086975098
relu,301,101,0.01,1,5.031501293182373
relu,301,101,0.01,41,1.8670482635498047
relu,301,101,0.01,81,8.483443260192871
relu,301,101,0.01,121,8.9409818649292
relu,301,101,0.31,1,8.458415031433105
relu,301,101,0.31,41,8.651569366455078
relu,301,101,0.31,81,8.88306713104248
relu,301,101,0.31,121,8.670389175415039
relu,301,101,0.61,1,2.7027785778045654
relu,301,101,0.61,41,8.405582427978516
relu,301,101,0.61,81,8.752665519714355
relu,301,101,0.61,121,8.927614212036133
relu,301,101,0.9099999999999999,1,8.646249771118164
relu,301,101,0.9099999999999999,41,8.404328346252441
relu,301,101,0.9099999999999999,81,8.76408863067627
relu,301,101,0.9099999999999999,121,8.58437442779541
relu,301,201,0.01,1,8.838580131530762
relu,301,201,0.01,41,2.0852246284484863
relu,301,201,0.01,81,8.147309303283691
relu,301,201,0.01,121,8.464303970336914
relu,301,201,0.31,1,2.808021306991577
relu,301,201,0.31,41,8.73018741607666
relu,301,201,0.31,81,8.663309097290039
relu,301,201,0.31,121,8.348155975341797
relu,301,201,0.61,1,8.315191268920898
relu,301,201,0.61,41,8.874252319335938
relu,301,201,0.61,81,8.405592918395996
relu,301,201,0.61,121,8.584859848022461
relu,301,201,0.9099999999999999,1,8.765270233154297
relu,301,201,0.9099999999999999,41,8.385686874389648
relu,301,201,0.9099999999999999,81,8.566688537597656
relu,301,201,0.9099999999999999,121,8.494948387145996
relu,301,301,0.01,1,2.993975877761841
relu,301,301,0.01,41,8.421741485595703
relu,301,301,0.01,81,9.222960472106934
relu,301,301,0.01,121,8.832725524902344
relu,301,301,0.31,1,8.527115821838379
relu,301,301,0.31,41,8.915164947509766
relu,301,301,0.31,81,8.016286849975586
relu,301,301,0.31,121,8.509599685668945
relu,301,301,0.61,1,8.933978080749512
relu,301,301,0.61,41,8.918882369995117
relu,301,301,0.61,81,7.92003059387207
relu,301,301,0.61,121,9.124177932739258
relu,301,301,0.9099999999999999,1,5.074428558349609
relu,301,301,0.9099999999999999,41,8.362319946289062
relu,301,301,0.9099999999999999,81,8.983269691467285
relu,301,301,0.9099999999999999,121,8.27694320678711
tanh,1,1,0.01,1,0.19304794073104858
tanh,1,1,0.01,41,0.1807563304901123
tanh,1,1,0.01,81,0.9852167367935181
tanh,1,1,0.01,121,0.1687629520893097
tanh,1,1,0.31,1,0.2457607388496399
tanh,1,1,0.31,41,0.590591311454773
tanh,1,1,0.31,81,0.0025795698165893555
tanh,1,1,0.31,121,0.00827038288116455
tanh,1,1,0.61,1,0.20604008436203003
tanh,1,1,0.61,41,0.5194413661956787
tanh,1,1,0.61,81,0.7630691528320312
tanh,1,1,0.61,121,0.5703588724136353
tanh,1,1,0.9099999999999999,1,0.07705390453338623
tanh,1,1,0.9099999999999999,41,0.1514887809753418
tanh,1,1,0.9099999999999999,81,0.18535006046295166
tanh,1,1,0.9099999999999999,121,1.7221908569335938
tanh,1,101,0.01,1,0.01002289354801178
tanh,1,101,0.01,41,0.008118987083435059
tanh,1,101,0.01,81,0.004101097583770752
tanh,1,101,0.01,121,0.010866403579711914
tanh,1,101,0.31,1,0.07681268453598022
tanh,1,101,0.31,41,0.4999755024909973
tanh,1,101,0.31,81,0.5198066234588623
tanh,1,101,0.31,121,0.004656672477722168
tanh,1,101,0.61,1,0.02408808469772339
tanh,1,101,0.61,41,0.25309616327285767
tanh,1,101,0.61,81,0.18007224798202515
tanh,1,101,0.61,121,0.0754619836807251
tanh,1,101,0.9099999999999999,1,0.07566148042678833
tanh,1,101,0.9099999999999999,41,0.24880659580230713
tanh,1,101,0.9099999999999999,81,0.21678584814071655
tanh,1,101,0.9099999999999999,121,0.8629412651062012
tanh,1,201,0.01,1,0.13725781440734863
tanh,1,201,0.01,41,0.011829092167317867
tanh,1,201,0.01,81,0.007662534713745117
tanh,1,201,0.01,121,0.03499281406402588
tanh,1,201,0.31,1,0.0307694673538208
tanh,1,201,0.31,41,0.6988393068313599
tanh,1,201,0.31,81,0.8225781321525574
tanh,1,201,0.31,121,0.1368107795715332
tanh,1,201,0.61,1,0.09876865148544312
tanh,1,201,0.61,41,0.9451076984405518
tanh,1,201,0.61,81,1.2323477268218994
tanh,1,201,0.61,121,0.125679612159729
tanh,1,201,0.9099999999999999,1,0.09634792804718018
tanh,1,201,0.9099999999999999,41,0.5550466775894165
tanh,1,201,0.9099999999999999,81,0.8040624260902405
tanh,1,201,0.9099999999999999,121,0.9254650473594666
tanh,1,301,0.01,1,0.12500852346420288
tanh,1,301,0.01,41,0.06279652565717697
tanh,1,301,0.01,81,0.03290081024169922
tanh,1,301,0.01,121,0.017052769660949707
tanh,1,301,0.31,1,0.011781249195337296
tanh,1,301,0.31,41,0.8346822261810303
tanh,1,301,0.31,81,0.8951774835586548
tanh,1,301,0.31,121,0.9804673194885254
tanh,1,301,0.61,1,0.031163178384304047
tanh,1,301,0.61,41,0.29970723390579224
tanh,1,301,0.61,81,0.0028876066207885742
tanh,1,301,0.61,121,0.5778483748435974
tanh,1,301,0.9099999999999999,1,0.1653386354446411
tanh,1,301,0.9099999999999999,41,0.9803110361099243
tanh,1,301,0.9099999999999999,81,0.552117109298706
tanh,1,301,0.9099999999999999,121,0.09254348278045654
tanh,101,1,0.01,1,5.97396183013916
tanh,101,1,0.01,41,2.9283595085144043
tanh,101,1,0.01,81,5.382984638214111
tanh,101,1,0.01,121,5.801353454589844
tanh,101,1,0.31,1,3.3853583335876465
tanh,101,1,0.31,41,5.45318603515625
tanh,101,1,0.31,81,5.637470722198486
tanh,101,1,0.31,121,5.4541850090026855
tanh,101,1,0.61,1,3.470402956008911
tanh,101,1,0.61,41,5.076104640960693
tanh,101,1,0.61,81,5.838651657104492
tanh,101,1,0.61,121,5.754148006439209
tanh,101,1,0.9099999999999999,1,3.121742010116577
tanh,101,1,0.9099999999999999,41,5.2047200202941895
tanh,101,1,0.9099999999999999,81,5.406736850738525
tanh,101,1,0.9099999999999999,121,13.294500350952148
tanh,101,101,0.01,1,3.266875743865967
tanh,101,101,0.01,41,1.4197720289230347
tanh,101,101,0.01,81,2.4574320316314697
tanh,101,101,0.01,121,5.1762495040893555
tanh,101,101,0.31,1,1.2385355234146118
tanh,101,101,0.31,41,6.150887966156006
tanh,101,101,0.31,81,5.487598896026611
tanh,101,101,0.31,121,5.467177867889404
tanh,101,101,0.61,1,3.190342903137207
tanh,101,101,0.61,41,5.635174751281738
tanh,101,101,0.61,81,5.691215991973877
tanh,101,101,0.61,121,5.4713568687438965
tanh,101,101,0.9099999999999999,1,3.314225673675537
tanh,101,101,0.9099999999999999,41,5.226820468902588
tanh,101,101,0.9099999999999999,81,5.077102184295654
tanh,101,101,0.9099999999999999,121,5.588573932647705
tanh,101,201,0.01,1,2.3851940631866455
tanh,101,201,0.01,41,1.4188953638076782
tanh,101,201,0.01,81,1.124954342842102
tanh,101,201,0.01,121,5.2647013664245605
tanh,101,201,0.31,1,1.46507728099823
tanh,101,201,0.31,41,4.911741256713867
tanh,101,201,0.31,81,5.5839385986328125
tanh,101,201,0.31,121,5.072697162628174
tanh,101,201,0.61,1,3.010096788406372
tanh,101,201,0.61,41,3.571938991546631
tanh,101,201,0.61,81,5.727718353271484
tanh,101,201,0.61,121,5.9402241706848145
tanh,101,201,0.9099999999999999,1,2.9730138778686523
tanh,101,201,0.9099999999999999,41,5.69182825088501
tanh,101,201,0.9099999999999999,81,5.831029891967773
tanh,101,201,0.9099999999999999,121,5.834752082824707
tanh,101,301,0.01,1,3.2000558376312256
tanh,101,301,0.01,41,1.1313345432281494
tanh,101,301,0.01,81,0.4960920214653015
tanh,101,301,0.01,121,0.6549030542373657
tanh,101,301,0.31,1,3.1962976455688477
tanh,101,301,0.31,41,5.989896297454834
tanh,101,301,0.31,81,4.808523654937744
tanh,101,301,0.31,121,5.110989570617676
tanh,101,301,0.61,1,3.0908749103546143
tanh,101,301,0.61,41,5.175809383392334
tanh,101,301,0.61,81,5.713834762573242
tanh,101,301,0.61,121,5.170868873596191
tanh,101,301,0.9099999999999999,1,1.2996100187301636
tanh,101,301,0.9099999999999999,41,5.302426815032959
tanh,101,301,0.9099999999999999,81,5.53003454208374
tanh,101,301,0.9099999999999999,121,5.35161828994751
tanh,201,1,0.01,1,12.69613265991211
tanh,201,1,0.01,41,3.550623893737793
tanh,201,1,0.01,81,8.494909286499023
tanh,201,1,0.01,121,7.955509185791016
tanh,201,1,0.31,1,5.254238128662109
tanh,201,1,0.31,41,8.278731346130371
tanh,201,1,0.31,81,8.834741592407227
tanh,201,1,0.31,121,8.624144554138184
tanh,201,1,0.61,1,5.169280052185059
tanh,201,1,0.61,41,7.935729503631592
tanh,201,1,0.61,81,7.759125232696533
tanh,201,1,0.61,121,8.927435874938965
tanh,201,1,0.9099999999999999,1,5.2911272048950195
tanh,201,1,0.9099999999999999,41,8.717756271362305
tanh,201,1,0.9099999999999999,81,8.340859413146973
tanh,201,1,0.9099999999999999,121,7.966345310211182
tanh,201,101,0.01,1,4.861474990844727
tanh,201,101,0.01,41,2.4383459091186523
tanh,201,101,0.01,81,3.241583824157715
tanh,201,101,0.01,121,8.827675819396973
tanh,201,101,0.31,1,2.1863465309143066
tanh,201,101,0.31,41,8.642844200134277
tanh,201,101,0.31,81,8.083913803100586
tanh,201,101,0.31,121,7.511044979095459
tanh,201,101,0.61,1,2.0897083282470703
tanh,201,101,0.61,41,8.726478576660156
tanh,201,101,0.61,81,7.892698287963867
tanh,201,101,0.61,121,8.463205337524414
tanh,201,101,0.9099999999999999,1,1.644968867301941
tanh,201,101,0.9099999999999999,41,8.837257385253906
tanh,201,101,0.9099999999999999,81,8.393240928649902
tanh,201,101,0.9099999999999999,121,8.335005760192871
tanh,201,201,0.01,1,3.523864269256592
tanh,201,201,0.01,41,2.219707727432251
tanh,201,201,0.01,81,2.5611369609832764
tanh,201,201,0.01,121,8.177992820739746
tanh,201,201,0.31,1,4.917112827301025
tanh,201,201,0.31,41,7.6556715965271
tanh,201,201,0.31,81,8.08860969543457
tanh,201,201,0.31,121,8.521923065185547
tanh,201,201,0.61,1,2.152010917663574
tanh,201,201,0.61,41,8.431436538696289
tanh,201,201,0.61,81,8.328439712524414
tanh,201,201,0.61,121,8.389543533325195
tanh,201,201,0.9099999999999999,1,4.894093036651611
tanh,201,201,0.9099999999999999,41,8.469715118408203
tanh,201,201,0.9099999999999999,81,8.087507247924805
tanh,201,201,0.9099999999999999,121,8.412033081054688
tanh,201,301,0.01,1,4.8132805824279785
tanh,201,301,0.01,41,1.9477436542510986
tanh,201,301,0.01,81,3.6840403079986572
tanh,201,301,0.01,121,8.45820140838623
tanh,201,301,0.31,1,2.0096778869628906
tanh,201,301,0.31,41,8.79099178314209
tanh,201,301,0.31,81,8.50037670135498
tanh,201,301,0.31,121,8.726839065551758
tanh,201,301,0.61,1,1.5898295640945435
tanh,201,301,0.61,41,8.254131317138672
tanh,201,301,0.61,81,8.274497985839844
tanh,201,301,0.61,121,8.509057998657227
tanh,201,301,0.9099999999999999,1,1.849670171737671
tanh,201,301,0.9099999999999999,41,8.122125625610352
tanh,201,301,0.9099999999999999,81,8.785782814025879
tanh,201,301,0.9099999999999999,121,8.29114818572998
tanh,301,1,0.01,1,8.276379585266113
tanh,301,1,0.01,41,10.56733512878418
tanh,301,1,0.01,81,8.573897361755371
tanh,301,1,0.01,121,3.4093661308288574
tanh,301,1,0.31,1,5.701078414916992
tanh,301,1,0.31,41,8.536701202392578
tanh,301,1,0.31,81,8.74259090423584
tanh,301,1,0.31,121,8.600375175476074
tanh,301,1,0.61,1,5.103818893432617
tanh,301,1,0.61,41,8.502784729003906
tanh,301,1,0.61,81,8.06397819519043
tanh,301,1,0.61,121,21.578937530517578
tanh,301,1,0.9099999999999999,1,4.712567329406738
tanh,301,1,0.9099999999999999,41,8.322856903076172
tanh,301,1,0.9099999999999999,81,8.449029922485352
tanh,301,1,0.9099999999999999,121,8.578388214111328
tanh,301,101,0.01,1,5.4260573387146
tanh,301,101,0.01,41,2.6467552185058594
tanh,301,101,0.01,81,8.513668060302734
tanh,301,101,0.01,121,7.837120532989502
tanh,301,101,0.31,1,2.350869655609131
tanh,301,101,0.31,41,8.762100219726562
tanh,301,101,0.31,81,8.272195816040039
tanh,301,101,0.31,121,8.41676139831543
tanh,301,101,0.61,1,1.8524171113967896
tanh,301,101,0.61,41,8.669390678405762
tanh,301,101,0.61,81,8.663370132446289
tanh,301,101,0.61,121,8.452927589416504
tanh,301,101,0.9099999999999999,1,2.0170347690582275
tanh,301,101,0.9099999999999999,41,8.793858528137207
tanh,301,101,0.9099999999999999,81,8.488554000854492
tanh,301,101,0.9099999999999999,121,8.122998237609863
tanh,301,201,0.01,1,5.106677532196045
tanh,301,201,0.01,41,1.9325910806655884
tanh,301,201,0.01,81,8.461475372314453
tanh,301,201,0.01,121,8.07763385772705
tanh,301,201,0.31,1,4.947781085968018
tanh,301,201,0.31,41,8.444758415222168
tanh,301,201,0.31,81,8.094721794128418
tanh,301,201,0.31,121,8.585956573486328
tanh,301,201,0.61,1,5.0728044509887695
tanh,301,201,0.61,41,8.629752159118652
tanh,301,201,0.61,81,8.709229469299316
tanh,301,201,0.61,121,8.863917350769043
tanh,301,201,0.9099999999999999,1,1.795050024986267
tanh,301,201,0.9099999999999999,41,8.465964317321777
tanh,301,201,0.9099999999999999,81,8.675335884094238
tanh,301,201,0.9099999999999999,121,8.264155387878418
tanh,301,301,0.01,1,4.843502044677734
tanh,301,301,0.01,41,8.555863380432129
tanh,301,301,0.01,81,3.254905939102173
tanh,301,301,0.01,121,8.194215774536133
tanh,301,301,0.31,1,2.025665760040283
tanh,301,301,0.31,41,8.320595741271973
tanh,301,301,0.31,81,8.738816261291504
tanh,301,301,0.31,121,8.27170467376709
tanh,301,301,0.61,1,1.9279595613479614
tanh,301,301,0.61,41,7.990912437438965
tanh,301,301,0.61,81,8.834357261657715
tanh,301,301,0.61,121,8.233922958374023
tanh,301,301,0.9099999999999999,1,1.8336611986160278
tanh,301,301,0.9099999999999999,41,8.415743827819824
tanh,301,301,0.9099999999999999,81,8.390857696533203
tanh,301,301,0.9099999999999999,121,8.463990211486816
linear,1,1,0.01,1,0.07122954726219177
linear,1,1,0.01,41,0.39975446462631226
linear,1,1,0.01,81,0.46731212735176086
linear,1,1,0.01,121,0.08642417192459106
linear,1,1,0.31,1,
linear,1,1,0.31,41,
linear,1,1,0.31,81,
linear,1,1,0.31,121,
linear,1,1,0.61,1,
linear,1,1,0.61,41,
linear,1,1,0.61,81,
linear,1,1,0.61,121,
linear,1,1,0.9099999999999999,1,
linear,1,1,0.9099999999999999,41,
linear,1,1,0.9099999999999999,81,
linear,1,1,0.9099999999999999,121,
linear,1,101,0.01,1,0.46647143363952637
linear,1,101,0.01,41,0.11069095134735107
linear,1,101,0.01,81,0.21859166026115417
linear,1,101,0.01,121,
linear,1,101,0.31,1,
linear,1,101,0.31,41,
linear,1,101,0.31,81,
linear,1,101,0.31,121,
linear,1,101,0.61,1,
linear,1,101,0.61,41,
linear,1,101,0.61,81,
linear,1,101,0.61,121,
linear,1,101,0.9099999999999999,1,
linear,1,101,0.9099999999999999,41,
linear,1,101,0.9099999999999999,81,
linear,1,101,0.9099999999999999,121,
linear,1,201,0.01,1,0.28298234939575195
linear,1,201,0.01,41,0.2421031892299652
linear,1,201,0.01,81,
linear,1,201,0.01,121,
linear,1,201,0.31,1,0.2204417586326599
linear,1,201,0.31,41,
linear,1,201,0.31,81,
linear,1,201,0.31,121,
linear,1,201,0.61,1,
linear,1,201,0.61,41,
linear,1,201,0.61,81,
linear,1,201,0.61,121,
linear,1,201,0.9099999999999999,1,
linear,1,201,0.9099999999999999,41,
linear,1,201,0.9099999999999999,81,
linear,1,201,0.9099999999999999,121,
linear,1,301,0.01,1,0.07929825782775879
linear,1,301,0.01,41,0.2683863341808319
linear,1,301,0.01,81,
linear,1,301,0.01,121,
linear,1,301,0.31,1,
linear,1,301,0.31,41,
linear,1,301,0.31,81,
linear,1,301,0.31,121,
linear,1,301,0.61,1,
linear,1,301,0.61,41,
linear,1,301,0.61,81,
linear,1,301,0.61,121,
linear,1,301,0.9099999999999999,1,
linear,1,301,0.9099999999999999,41,
linear,1,301,0.9099999999999999,81,
linear,1,301,0.9099999999999999,121,
linear,101,1,0.01,1,2.1419553756713867
linear,101,1,0.01,41,2.949979782104492
linear,101,1,0.01,81,7.337738513946533
linear,101,1,0.01,121,
linear,101,1,0.31,1,2.0496532917022705
linear,101,1,0.31,41,
linear,101,1,0.31,81,
linear,101,1,0.31,121,
linear,101,1,0.61,1,
linear,101,1,0.61,41,
linear,101,1,0.61,81,
linear,101,1,0.61,121,
linear,101,1,0.9099999999999999,1,
linear,101,1,0.9099999999999999,41,
linear,101,1,0.9099999999999999,81,
linear,101,1,0.9099999999999999,121,
linear,101,101,0.01,1,2.1007437705993652
linear,101,101,0.01,41,1.8895680904388428
linear,101,101,0.01,81,2.1836905479431152
linear,101,101,0.01,121,
linear,101,101,0.31,1,1.9283286333084106
linear,101,101,0.31,41,
linear,101,101,0.31,81,
linear,101,101,0.31,121,
linear,101,101,0.61,1,2.174358606338501
linear,101,101,0.61,41,
linear,101,101,0.61,81,
linear,101,101,0.61,121,
linear,101,101,0.9099999999999999,1,
linear,101,101,0.9099999999999999,41,
linear,101,101,0.9099999999999999,81,
linear,101,101,0.9099999999999999,121,
linear,101,201,0.01,1,1.9307750463485718
linear,101,201,0.01,41,1.9421409368515015
linear,101,201,0.01,81,1.861771821975708
linear,101,201,0.01,121,
linear,101,201,0.31,1,
linear,101,201,0.31,41,
linear,101,201,0.31,81,
linear,101,201,0.31,121,
linear,101,201,0.61,1,1.845701813697815
linear,101,201,0.61,41,
linear,101,201,0.61,81,
linear,101,201,0.61,121,
linear,101,201,0.9099999999999999,1,
linear,101,201,0.9099999999999999,41,
linear,101,201,0.9099999999999999,81,
linear,101,201,0.9099999999999999,121,
linear,101,301,0.01,1,1.9037542343139648
linear,101,301,0.01,41,1.9133704900741577
linear,101,301,0.01,81,1.933876395225525
linear,101,301,0.01,121,
linear,101,301,0.31,1,
linear,101,301,0.31,41,
linear,101,301,0.31,81,
linear,101,301,0.31,121,
linear,101,301,0.61,1,
linear,101,301,0.61,41,
linear,101,301,0.61,81,
linear,101,301,0.61,121,
linear,101,301,0.9099999999999999,1,
linear,101,301,0.9099999999999999,41,
linear,101,301,0.9099999999999999,81,
linear,101,301,0.9099999999999999,121,
linear,201,1,0.01,1,9.659408569335938
linear,201,1,0.01,41,79.77301025390625
linear,201,1,0.01,81,419.3822021484375
linear,201,1,0.01,121,
linear,201,1,0.31,1,3.129643201828003
linear,201,1,0.31,41,
linear,201,1,0.31,81,
linear,201,1,0.31,121,
linear,201,1,0.61,1,
linear,201,1,0.61,41,
linear,201,1,0.61,81,
linear,201,1,0.61,121,
linear,201,1,0.9099999999999999,1,
linear,201,1,0.9099999999999999,41,
linear,201,1,0.9099999999999999,81,
linear,201,1,0.9099999999999999,121,
linear,201,101,0.01,1,3.213953733444214
linear,201,101,0.01,41,3.1216790676116943
linear,201,101,0.01,81,
linear,201,101,0.01,121,
linear,201,101,0.31,1,3.19861102104187
linear,201,101,0.31,41,
linear,201,101,0.31,81,
linear,201,101,0.31,121,
linear,201,101,0.61,1,
linear,201,101,0.61,41,
linear,201,101,0.61,81,
linear,201,101,0.61,121,
linear,201,101,0.9099999999999999,1,
linear,201,101,0.9099999999999999,41,
linear,201,101,0.9099999999999999,81,
linear,201,101,0.9099999999999999,121,
linear,201,201,0.01,1,3.058612823486328
linear,201,201,0.01,41,3.152005434036255
linear,201,201,0.01,81,
linear,201,201,0.01,121,
linear,201,201,0.31,1,3.01401948928833
linear,201,201,0.31,41,
linear,201,201,0.31,81,
linear,201,201,0.31,121,
linear,201,201,0.61,1,
linear,201,201,0.61,41,
linear,201,201,0.61,81,
linear,201,201,0.61,121,
linear,201,201,0.9099999999999999,1,
linear,201,201,0.9099999999999999,41,
linear,201,201,0.9099999999999999,81,
linear,201,201,0.9099999999999999,121,
linear,201,301,0.01,1,3.052586793899536
linear,201,301,0.01,41,3.1636550426483154
linear,201,301,0.01,81,3.3815016746520996
linear,201,301,0.01,121,
linear,201,301,0.31,1,
linear,201,301,0.31,41,
linear,201,301,0.31,81,
linear,201,301,0.31,121,
linear,201,301,0.61,1,
linear,201,301,0.61,41,
linear,201,301,0.61,81,
linear,201,301,0.61,121,
linear,201,301,0.9099999999999999,1,
linear,201,301,0.9099999999999999,41,
linear,201,301,0.9099999999999999,81,
linear,201,301,0.9099999999999999,121,
linear,301,1,0.01,1,11.934803009033203
linear,301,1,0.01,41,3.4007365703582764
linear,301,1,0.01,81,48.04396438598633
linear,301,1,0.01,121,13304242.0
linear,301,1,0.31,1,inf
linear,301,1,0.31,41,
linear,301,1,0.31,81,
linear,301,1,0.31,121,
linear,301,1,0.61,1,
linear,301,1,0.61,41,
linear,301,1,0.61,81,
linear,301,1,0.61,121,
linear,301,1,0.9099999999999999,1,
linear,301,1,0.9099999999999999,41,
linear,301,1,0.9099999999999999,81,
linear,301,1,0.9099999999999999,121,
linear,301,101,0.01,1,3.8555524349212646
linear,301,101,0.01,41,3.1569416522979736
linear,301,101,0.01,81,
linear,301,101,0.01,121,
linear,301,101,0.31,1,3.1294543743133545
linear,301,101,0.31,41,
linear,301,101,0.31,81,
linear,301,101,0.31,121,
linear,301,101,0.61,1,
linear,301,101,0.61,41,
linear,301,101,0.61,81,
linear,301,101,0.61,121,
linear,301,101,0.9099999999999999,1,
linear,301,101,0.9099999999999999,41,
linear,301,101,0.9099999999999999,81,
linear,301,101,0.9099999999999999,121,
linear,301,201,0.01,1,2.988428831100464
linear,301,201,0.01,41,3.0800154209136963
linear,301,201,0.01,81,3.1574530601501465
linear,301,201,0.01,121,
linear,301,201,0.31,1,
linear,301,201,0.31,41,
linear,301,201,0.31,81,
linear,301,201,0.31,121,
linear,301,201,0.61,1,
linear,301,201,0.61,41,
linear,301,201,0.61,81,
linear,301,201,0.61,121,
linear,301,201,0.9099999999999999,1,
linear,301,201,0.9099999999999999,41,
linear,301,201,0.9099999999999999,81,
linear,301,201,0.9099999999999999,121,
linear,301,301,0.01,1,3.139846086502075
linear,301,301,0.01,41,3.1116607189178467
linear,301,301,0.01,81,
linear,301,301,0.01,121,
linear,301,301,0.31,1,
linear,301,301,0.31,41,
linear,301,301,0.31,81,
linear,301,301,0.31,121,
linear,301,301,0.61,1,
linear,301,301,0.61,41,
linear,301,301,0.61,81,
linear,301,301,0.61,121,
linear,301,301,0.9099999999999999,1,
linear,301,301,0.9099999999999999,41,
linear,301,301,0.9099999999999999,81,
linear,301,301,0.9099999999999999,121,
